Name,Owner,Address,Town,Status,Acres,Power Capacity (MW),Notes,Links,,Latitude,Longitude
,1547 Critical Systems Realty,324 E. Wisconsin Ave.,Milwaukee,Operational,3.6,1,,,,43.0386,-87.9091
5NINES Data Center,5NINES,222 W. Washington Ave.,Madison,Operational,0.12,,,,,43.0731,-89.3869
,Airiam,2301 Sun Valley Dr.,Delafield,Operational,-1,,,,,43.0513,-88.3799
,Ark Data Centers,Fire Ln 11,Harrison ,Operational,24.5,20,,,,44.2052,-88.3459
,Aventus 715,901 Commerce Dr,Marshfield,Operational,0.45,,,,,44.6662,-90.174
,Aventus Lakes,7901 W. Clinton Ave.,Milwaukee,Operational,0.59,,,,,43.1513,-88.0097
,Balloonist LLC,County Rd. B,Menomonie,Paused,320,,"Project paused indefinitely on Sept. 17, 2025 via executive action by mayor of Menomonie.",https://www.wpr.org/news/menomonie-mayor-puts-data-center-proposal-on-hold,,44.888,-91.8871
Beaver Dam Data Center Campus,Meta,8773 County Road A,Beaver Dam,Under Construction,520,400,,,,43.5064,-88.8031
,"Cogent Communications, Inc.",324 E. Wisconsin Ave.,Milwaukee,Operational,0.01,0.1,,,,43.039,-87.9069
Congent Data Center - Milwaukee 2,"Cogent Communications, Inc.",2915 South 5th Ct.,Milwaukee,Operational,0.13,,,,,42.9912,-87.9165
,CyberLynk Network Inc.,10125 52nd St.,Franklin,Operational,-1,,,,,42.8619,-87.9828
,CyberOne Data,141 Market Ave. ,Port Edwards,Operational,0.04,0.5,,,,44.3428,-89.8594
Dane County Exchange 2,Dane County Data Exchange,3351 Dairy Dr.,Madison,Planned,14,60,,,,43.0558,-89.2951
Dane County Exchange 1,Dane County Data Exchange,4916 E. Broadway,Madison,Operational,0.64,18,,,,43.0481,-89.2983
Data Holdings Milwaukee,Data Holdings,3135 W. Highland Ave.,Milwaukee,Operational,0.57,10,,,,43.0444,-87.9317
,EdgeConneX,4916 E. Broadway,Madison,Operational,0.18,1,,,,43.0481,-89.2983
,Ethoplex,N115W19150 Edison Dr,Germantown,Operational,-1,,,,,43.2279,-88.1468
,ExcalTech,3618 8th Ave.,Kenosha,Operational,-1,,,,,42.6062,-87.8217
Milwaukee Data Center,Expedient Data Centers,4777 Ironwood Dr.,Franklin,Operational,0.6,1.6,,,,42.8631,-87.9779
,Heartland Business Systems,1700 Stephen St.,Little Chute,Operational,-1,,,,,44.2966,-88.2939
,Hoyos Consulting LLC,612 W. Main St.,Madison,Operational,-1,,,,,43.0747,-89.3842
MQS5,ISCorp,10235 N. Port Washington Rd.,Mequon,Operational,0.45,,,,,43.2059,-87.9244
,Lumen,612 W. Main St.,Madison,Operational,-1,,,,,43.0678,-89.3923
Milwaukee 1 Data Center,Lumen,3235 Intertech Dr.,Brookfield,Operational,0.11,,,,,43.0776,-88.1848
Area 3B,Microsoft,East of County Rd. H between Braun Rd. and County Line Rd,Mt. Pleasant,Operational,315,400,,,,42.6771,-87.9269
Area 3A,Microsoft,West of 90th St. between Braun Rd. and County Line Rd.,Mt. Pleasant,Under Construction,115,500,,,,42.6736,-87.8999
Durand Avenue Campus,Microsoft,12023 Durand Ave.,Mt. Pleasant,Under Construction,791,,,,,42.6984,-87.9304
International Drive Campus,Microsoft,2700 International Drive,Mt. Pleasant,Under Construction,530,,,,,42.7112,-87.9339
Project Nova Campus,Microsoft,Botting Rd.,Caledonia,Canceled,244,,"Project dropped by developers on Oct. 8, 2025 after community pushback.",https://www.wpr.org/news/microsoft-caledonia-data-center-site-ozaukee-county,,42.8211,-87.8501
,Netsonic,1263 Main Street,Green Bay,Operational,-1,,,,,44.5113,-87.9971
,Netwurx,324 E. Wisconsin Ave.,Milwaukee,Operational,-1,,,,,43.039,-87.9069
,New Era Technology,2201 E. Enterprise Ave.,Appleton,Operational,-1,,,,,44.2995,-88.3665
,New Era Technology,10400 W. Innovation Dr.,Milwaukee,Operational,-1,,,,,43.0386,-87.9091
,Offsite LLC,3618 7th Ave.,Kenosha,Operational,0.68,5,,,,42.6048,-87.8206
,QTS Data Centers,,DeForest,Canceled,650,1600,"Project dropped on Jan. 27, 2026 after it was determined ""not feasible"" by DeForest Village Board.",https://www.wpr.org/news/deforest-wont-move-forward-data-center,,43.2478,-89.3437
,SupraNet Communications,800 Excelsior Dr.,Madison,Operational,-1,,,,,43.0745,-89.525
,Tier Point,3701 W. Burnham St.,Milwaukee,Operational,0.64,0.5,,,,43.0095,-87.9611
,TSR Solutions,324 E. Wisconsin Ave.,Milwaukee,Operational,0.11,,,,,43.039,-87.9069
,"US Signal Company, LLC",5515 Nobel Dr.,Fitchburg,Operational,0.08,6,,,,42.9948,-89.4234
Lighthouse,Vantage Data Centers,Interstate 43,Port Washington,Under Construction,672,902,,,,43.3886,-87.8693
,Vaultas,3135 Highland Blvd,Milwaukee,Operational,0.22,,,,,43.0437,-87.954
,Veolia North America,8450 W. Forest Home Ave.,Greenfield,Operational,-1,,,,,42.9578,-88.0197
,Viridian Acquisitions,1000 General Motors Dr.,Janesville,Canceled,250,,"City council allowed letter of intent to lapse on June 22, 2026 after resident pushback.",https://www.gazettextra.com/news/janesville-will-allow-letter-of-intent-with-viridian-to-expire/article_2defc8db-69ef-4ea9-9385-6786a09432d4.html,,42.683,-89.0227
,Wildcard Corp,Indianhead Drive,Mosinee,Operational,0.32,,,,,44.7934,-89.6771
,WIN Technology,800 Wisconsin Street,Eau Claire,Operational,0.09,1,,,,44.8157,-91.495
,WIN Technology,417 Pine St.,Green Bay,Operational,0.05,0.25,,,,44.5152,-88.0116
,Windstream,13935 Bishops Dr.,Brookfield,Operational,0.13,,,,,43.0277,-88.0862
Project Cornmaze 1,Panattoni,3612 S Prairie Ave. ,Beloit,Planned,430,,"Pre-development agreement signed on Mar. 22, 2026.",https://www.beloitdailynews.com/news/business-news/town-of-beloit-has-signed-preliminary-deal-for-meta-data-center/article_629acdaf-4321-49cd-8d2a-f48ae430ade3.html,,42.5083,-89.0318
,Unknown Developer,,Cassville,Canceled,500,,Project quietly withdrawn by developers in Spring 2026.,https://wisconsinwatch.org/2026/06/a-2-billion-proposal-then-silence-how-a-driftless-area-data-center-deal-fell-apart/,,42.7144,-90.9908
,PCH WI Holdings LLC,950 Fourth Ave. N.,Wisconsin Rapids,Paused,209,150,"Plans paused on May 29, 2026 while developers consider new permit requirements.",https://www.wsaw.com/2026/05/29/wisconsin-rapids-data-center-proposal-hold-pending-permit-review/,,44.3918,-89.8229
Project Cornmaze 2,Panattoni,3525 S County Rd G,Turtle,Planned,200,,,https://www.mystateline.com/news/developers-discuss-proposed-1-billion-dollar-data-center-campus-plans-for-beloit/,,42.5477,-88.9403
