County,Status,Date Advanced,Duration,Advancing Body,Link,Notes
Adams,Approved,"August 18, 2026",12-month,Adams County Board of Supervisors,https://drive.google.com/file/d/1cMUM-Is_lWp3ov_w45r4w64AckveZEqI/view,
Ashland,,,,,,
Barron,Under Consideration,"August 31, 2026",9-month,Barron County Board of Supervisors,https://www.apg-wi.com/rice_lake_chronotype/barron-county-sets-special-meeting-on-ai-data-centers/article_460cc9e7-cfbc-435f-bd84-d5155ad4cabe.html,
Bayfield,Under Consideration,"August 25, 2026",18-month,Bayfield County Planning and Zoning Committee,https://www.apg-wi.com/ashland_daily_press/news/local/bayfield-county-reviews-1-million-ems-plan-data-center-moratorium/article_736347f4-2645-4c26-90a4-cca8aa315c0d.html,
Brown,,,,,,
Buffalo,,,,,,
Burnett,,,,,,
Calumet,,,,,,
Chippewa,Approved,"July 30, 3036 (to take effect September 2026)",12-month,Chippewa County Board,https://www.weau.com/2026/07/30/chippewa-county-considers-10-month-moratorium-new-data-centers/,
Clark,Approved,"December, 2025",6-month,Clark County Board of Supervisors,https://filecloud.co.clark.wi.us/ui/core/index.html?mode=single&path=/SHARED/%21IhHhrnhcogdfoiiccfaaA7THPBBqTT0gsC3Gx8PI1gAUvcWF6SOd4KAfP8E5Ir4Jj9g3JcI/T4sYze9ca5PgksSG#/,
Columbia,,,,,,
Crawford,,,,,,
Dane,Approved,"June 4, 2026",18-month,Dane County Board of Supervisors,https://www.danecountyparks.com/PressDetail/11898,
Dodge,Approved,"Aug. 17, 2026",18-month,Dodge County Board of Supervisors,https://dailydodge.com/dodge-county-board-of-supervisors-votes-to-approve-data-center-moratorium/,
Door,Approved,"June 23, 2026",12-month,Door County Board of Supervisors,https://www.co.door.wi.gov/AgendaCenter/ViewFile/Agenda/_06232026-2112,
Douglas,,,,,,
Dunn,,,,,,
Eau Claire,,,,,,
Florence,,,,,,
Fond du Lac,,,,,,
Forest,,,,,,
Grant,Approved,"June 9, 2026",12-month,Grant County Board of Supervisors,https://gcinternetwebsite.co.grant.wi.gov/wp-content/uploads/simple-file-list/Meetings-Minutes-Agendas/County-Board/06-16-2026-UpdatedBoardPacket.pdf#page=7,
Green,Approved,"July 14, 2026",12-month,Green County Board of Supervisors,https://gcinternetwebsite.co.grant.wi.gov/wp-content/uploads/simple-file-list/Meetings-Minutes-Agendas/County-Board/06-16-2026-UpdatedBoardPacket.pdf#page=7,
Green Lake,,,,,,
Iowa,Approved,"March 17, 2026",12-month,Iowa County Board of Supervisors,https://www.iowacountywi.gov/media/County%20Board/Resolutions/2026%20Resolutions/3-0326.pdf,
Iron,Under Consideration,"June 16, 2026",--,Iron County Comprehensive Planning/Land & Zoning Committee,https://www.co.iron.wi.gov/AgendaCenter/ViewFile/Minutes/_06162026-203,
Jackson,,,,,,
Jefferson,Approved,"August 10, 2026",18-month,Jefferson County Board of Supervisors,https://docaccess.com/docviewer.html?url=https%3A%2F%2Fapps.jeffersoncountywi.gov%2FSupplemental%2F2026%2F08102026%2F8-10-26%2520Cty%2520Bd%2520Packet.pdf&url_hash=e66519c34288a193479c8f021761003f&domain=apps.jeffersoncountywi.gov&site=b64e2dd3-ec7a-40ad-9a9d-e7917be07cd5&found_on=https%3A%2F%2Fapps.jeffersoncountywi.gov%2Fjc%2Fmeetings%2Flist%2F6%2FCounty-Board,
Juneau,,,,,,
Kenosha,,,,,,
Kewaunee,,,,,,
La Crosse,Approved,"June 18, 2026",18-month,La Crosse County Board of Supervisors,https://apps.lacrossecounty.org/countymeetingdocuments/#docaccess-037b2156d2a5ede5056a11692ef98fbf,
Lafayette,,,,,,
Langlade,,,,,,
Lincoln,,,,,,
Manitowoc,Approved,"April 28, 2026.",18-month,Manitowoc County Board of Supervisors,https://www.wpr.org/news/manitowoc-county-board-approves-18-month-data-center-moratorium,
Marathon,Approved,"August 25, 2026",12-month,Marathon County Board of Supervisors,https://apps.lacrossecounty.org/countymeetingdocuments/#docaccess-037b2156d2a5ede5056a11692ef98fbf,
Marinette,,,,,,
Marquette,,,,,,
Menominee,,,,,,
Milwaukee,,,,,,
Monroe,Approved,"July 21, 2026",18-month,Monroe County Board of Supervisors,https://www.co.monroe.wi.us/home/showpublisheddocument/37217/639198772873200000#page=118,
Oconto,,,,,,
Oneida,Approved,"Aug. 18, 2026",12-month,Oneida County Board of Supervisors,https://www.waow.com/news/oneida-county-passes-one-year-data-center-moratorium/article_d4eb81a5-22c7-432a-9690-d2972c7c1474.html,
Outagamie,,,,,,
Ozaukee,,,,,,
Pepin,,,,,,
Pierce,,,,,,
Polk,Approved,"August 18, 2026",12-month,Polk County Board of Supervisors,https://cms5.revize.com/revize/polk/Document%20_Center/Agenda%20&%20Minutes/Government/County%20Board%20of%20Supervisors/Agenda/2026/8.18.26%20CO%20BD%20Agn%20Pkt.pdf?t=202608131734100,
Portage,,,,,,
Price,,,,,,
Racine,,,,,,
Richland,,,,,,
Rock,,,,,,
Rusk,Approved,"June 23, 2026",12-month,Rusk County Board of Supervisors,https://ruskcounty.org/vertical/sites/%7B0E3C6206-148D-4975-AF41-4ECFC3FF0AF0%7D/uploads/June_23_2026_County_Board_Minutes.pdf,
Sauk,Approved,"September 15, 2026",18-month,Sauk County Board of Supervisors,https://www.wmtv15news.com/2026/09/16/sauk-county-approves-18-month-moratorium-new-data-centers/,
Sawyer,Approved,"August 20, 2026",18-month,Sawyer County Board of Supervisors,https://coshawanowi.civicweb.net/document/383532/Ordinance%20No.%2010-26%20EXHIBIT%20A%20-%20MORATORIUM%20ON%20DATA.pdf?handle=B334746EF793430E93CF291F56BB3EB5,
Shawano,Approved,"June 24, 2026",12-month,Shawano County Board of Supervisors,https://coshawanowi.civicweb.net/document/383532/Ordinance%20No.%2010-26%20EXHIBIT%20A%20-%20MORATORIUM%20ON%20DATA.pdf?handle=B334746EF793430E93CF291F56BB3EB5,
Sheboygan,,,,,,
St. Croix,Approved,"Sept. 1, 2026",12-month,St. Croix County Board of Supervisors ,https://www.hudsonstarobserver.com/st-croix-county-board-of-supervisors-approves-data-center-moratorium-unanimously/article_ffb0d3f1-77a5-43c7-8ba5-e9fd44b1aa32.html,
Taylor,,,,,,
Trempealeau,,,,,,
Vernon,,,,,,
Vilas,Under Consideration,"Sept. 12, 2026",12-month,Vilas County Zoning & Planning Committee,https://cms9files.revize.com/vilascounty/zoning/Ordinances/Vilas%20County%20Moratorium%20Public%20Hearing%20Draft.pdf?t=202608181411550,
Walworth,,,,,,
Washburn,,,,,,
Washington,,,,,,
Waukesha,,,,,,
Waupaca,,,,,,
Waushara,,,,,,
Winnebago,Approved,"Aug 18, 2026",12-month,Winnebago County Board of Supervisors,https://www.thenorthwestern.com/story/news/local/oshkosh/2026/08/19/winnebago-county-data-center-moratorium-ai-zoning/91373019007/?gnt-cfr=1&gca-cat=p&gca-uir=false&gca-epti=z115727p115750c115750e007700v115727&gca-ft=75&gca-ds=sophi,
Wood,,,,,,
